,Dummy Classifier,Logistic Regression,Multinomial Naive Bayes,SVC,Random Forest
fit_time,0.02499690055847168,0.26248698234558104,0.031249475479125977,0.18756589889526368,0.4156188011169434
score_time,0.015626955032348632,0.018756532669067384,0.018750381469726563,0.043753957748413085,0.03125572204589844
test_f1_weighted,0.1111819287440892,0.5744945367920864,0.4384142954929122,0.5228909877834752,0.6191466093490362
test_recall_weighted,0.26519680378810295,0.5736904409588635,0.45393818965881705,0.520251130934765,0.6215744303048238
test_precision_weighted,0.07033600639643191,0.5791121654325982,0.465074936928721,0.5342832791012149,0.628976263998759
