,Dummy Classifier,Logistic Regression,Multinomial Naive Bayes,SVC,Random Forest
fit_time,0.02812471389770508,0.307021951675415,0.03259687423706055,0.19207773208618165,0.4336216449737549
score_time,0.015625381469726564,0.016494369506835936,0.018401288986206056,0.04408578872680664,0.03549437522888184
test_f1_weighted,0.1111819287440892,0.5744945367920864,0.4384142954929122,0.5228909877834752,0.6280971732265763
test_recall_weighted,0.26519680378810295,0.5736904409588635,0.45393818965881705,0.520251130934765,0.6289181076396229
test_precision_weighted,0.07033600639643191,0.5791121654325982,0.465074936928721,0.5342832791012149,0.6356426699449257
