,Dummy Classifier,Logistic Regression,Multinomial Naive Bayes,SVC,Random Forest
fit_time,0.017763328552246094,0.125347900390625,0.01899409294128418,0.03252673149108887,0.18123311996459962
score_time,0.01505584716796875,0.012979602813720703,0.012227964401245118,0.014589214324951172,0.021603870391845702
test_f1_weighted,0.10536981063835285,0.4433341369114744,0.3061076367520347,0.39699418338629444,0.48271511948682005
test_recall_weighted,0.25737373737373737,0.4487542087542087,0.330976430976431,0.4156902356902357,0.48545454545454547
test_precision_weighted,0.0662465734788967,0.4650967093248733,0.31921237230868715,0.4492813266485281,0.5368610608149476
