,Dummy Classifier,Logistic Regression,Multinomial Naive Bayes,SVC,Random Forest
fit_time,0.030464982986450194,0.25331840515136717,0.030030345916748045,0.17860426902770996,0.42514448165893554
score_time,0.01754794120788574,0.01621665954589844,0.01583108901977539,0.040688610076904295,0.031601476669311526
test_f1_weighted,0.1111819287440892,0.5737119376595213,0.44766480186293417,0.5244784817824699,0.6300411016992233
test_recall_weighted,0.26519680378810295,0.5727603263856593,0.4622373483279077,0.5230076523062615,0.6307529700249439
test_precision_weighted,0.07033600639643191,0.5803080785933779,0.4851776074839614,0.5351566961379279,0.6394196548247477
