,Dummy Classifier,Logistic Regression,Multinomial Naive Bayes,SVC,Random Forest
fit_time,0.025545310974121094,0.26918368339538573,0.03174328804016113,0.19551730155944824,0.4185500621795654
score_time,0.015892505645751953,0.01902298927307129,0.017366361618041993,0.042009162902832034,0.03180971145629883
test_f1_weighted,0.1111819287440892,0.5744945367920864,0.4384142954929122,0.5228909877834752,0.6220982486559755
test_recall_weighted,0.26519680378810295,0.5736904409588635,0.45393818965881705,0.520251130934765,0.6243140405022618
test_precision_weighted,0.07033600639643191,0.5791121654325982,0.465074936928721,0.5342832791012149,0.6281645482551774
