,Dummy Classifier,Logistic Regression,Multinomial Naive Bayes,SVC,Random Forest
fit_time,0.024161100387573242,0.22264223098754882,0.02239398956298828,0.16560802459716797,0.32837867736816406
score_time,0.013187599182128907,0.014144611358642579,0.01385807991027832,0.035545063018798825,0.025353240966796874
test_f1_weighted,0.1111819287440892,0.5744945367920864,0.4384142954929122,0.5228909877834752,0.6245145853150509
test_recall_weighted,0.26519680378810295,0.5736904409588635,0.45393818965881705,0.520251130934765,0.6270578784932144
test_precision_weighted,0.07033600639643191,0.5791121654325982,0.46507493692872093,0.5342832791012149,0.6340758557511126
