Dummy Classifier,Logistic Regression,Multinomial Naive Bayes,SVC,Random Forest
0.029768991470336913,0.23873162269592285,0.028449296951293945,0.17015843391418456,0.4005314350128174
0.020542383193969727,0.019696140289306642,0.014450836181640624,0.042147254943847655,0.031709480285644534
0.1111819287440892,0.5861201206317743,0.4398961775009834,0.5266985458740663,0.6301409585706971
0.26519680378810295,0.5856212742569653,0.45395087303936077,0.5248509702786117,0.6307445144379148
0.07033600639643191,0.5921299185669088,0.4791034268328297,0.5379315148399991,0.6376851153587146
