,Dummy Classifier,Logistic Regression,Multinomial Naive Bayes,SVC,Random Forest
fit_time,0.035178327560424806,0.5027231216430664,0.04342460632324219,0.25536537170410156,0.639414644241333
score_time,0.01909914016723633,0.022981834411621094,0.022986698150634765,0.05861201286315918,0.04779505729675293
test_f1_weighted,0.1111819287440892,0.5737119376595213,0.44766480186293417,0.5244784817824699,0.6241114561120378
test_recall_weighted,0.26519680378810295,0.5727603263856593,0.4622373483279077,0.5230076523062615,0.6261615862681267
test_precision_weighted,0.07033600639643191,0.5803080785933779,0.4851776074839614,0.5351566961379279,0.6330570180682985
