Dummy Classifier,Logistic Regression,Multinomial Naive Bayes,SVC,Random Forest
0.030753087997436524,0.23729391098022462,0.044698667526245114,0.16912388801574707,0.3999971866607666
0.015212488174438477,0.015704917907714843,0.024059629440307616,0.04118742942810059,0.02855706214904785
0.1111819287440892,0.5861201206317743,0.4398961775009834,0.5266985458740663,0.6347929815128922
0.26519680378810295,0.5856212742569653,0.45395087303936077,0.5248509702786117,0.6372088107216843
0.07033600639643191,0.5921299185669088,0.4791034268328297,0.5379315148399991,0.644112189103854
